out_trade_no,user_id,user_name,plan_id,plan_title,product_id,months,total_amount,redeem_code,processed,created_at,dm_sent,dm_sent_at,activation_code,updated_at,paid_at,remark,device_id,product_type,reason,raw_order,activation_time,activation_device,uid,channel,channel_basis,amount,ts,date,hour,week
202609090825435550481031991,h_16c8d2bda7,h_0d1aa6a786,54100fe4a1e011f1a3f452540025c377,Ev课程表 ,01,99.0,1.00,h_e36d831d68,True,1788913648213,True,2026-09-09T00:27:29.569Z,,,,,,,,,,,,,,1.0,2026-09-09 08:27:28.213,2026-09-09,8,2026-09-07/2026-09-13
202609060136575752489711496,h_1ba53233e1,h_8c55244f1d,54100fe4a1e011f1a3f452540025c377,Ev课程表 ,01,99.0,1.00,h_9e34020930,True,1788629833164,True,2026-09-05T17:37:13.789Z,,,,,,,,,,,,,,1.0,2026-09-06 01:37:13.164,2026-09-06,1,2026-08-31/2026-09-06
202609061244195149575543460,h_2f1ffe2488,h_9d66c8b46d,54100fe4a1e011f1a3f452540025c377,Ev课程表 ,01,99.0,1.00,h_d9a39f0f0a,True,1788669879098,True,2026-09-06T04:44:39.994Z,,,,,,,,,,,,,,1.0,2026-09-06 12:44:39.098,2026-09-06,12,2026-08-31/2026-09-06
202609180110335755102448927,h_db422ab121,h_09a4f8a293,54100fe4a1e011f1a3f452540025c377,Ev课程表 ,01,99.0,1.00,h_fcce4068eb,True,1789665040899,True,2026-09-17T17:10:41.560Z,,,,,,,,,,,,,,1.0,2026-09-18 01:10:40.899,2026-09-18,1,2026-09-14/2026-09-20
202609061842595199102529693,h_45c2659ba7,h_e4b3c381aa,54100fe4a1e011f1a3f452540025c377,Ev课程表 ,01,99.0,1.00,h_21008b776f,True,1788691388237,True,2026-09-06T10:43:09.377Z,,,,,,,,,,,,,,1.0,2026-09-06 18:43:08.237,2026-09-06,18,2026-08-31/2026-09-06
202609111423239850100931655,h_6229ab6eaa,h_14b7f458a4,54100fe4a1e011f1a3f452540025c377,Ev课程表 ,01,99.0,1.00,h_c6f201fedb,True,1789107814325,True,2026-09-11T06:23:34.914Z,,,,,,,,,,,,,,1.0,2026-09-11 14:23:34.325,2026-09-11,14,2026-09-07/2026-09-13
202609101038455353979718030,h_9b624204b4,h_9a6520cb40,54100fe4a1e011f1a3f452540025c377,Ev课程表 ,01,99.0,1.00,h_6a37259bf9,True,1789007937805,True,2026-09-10T02:38:59.093Z,,,,,,,,,,,,,,1.0,2026-09-10 10:38:57.805,2026-09-10,10,2026-09-07/2026-09-13
202609070727205649981028188,h_7567bfd1fc,h_c1cfb0df3c,54100fe4a1e011f1a3f452540025c377,Ev课程表 ,01,99.0,1.00,h_6af1b124d5,True,1788737272279,True,2026-09-06T23:27:52.833Z,,,,,,,,,,,,,,1.0,2026-09-07 07:27:52.279,2026-09-07,7,2026-09-07/2026-09-13
202609080842155556515321321,h_9d044fc711,h_332a41eb1f,54100fe4a1e011f1a3f452540025c377,Ev课程表 ,01,99.0,1.00,h_acd8e0d1be,True,1788828145542,True,2026-09-08T00:42:25.941Z,,,,,,,,,,,,,,1.0,2026-09-08 08:42:25.542,2026-09-08,8,2026-09-07/2026-09-13
202609050058039856575333021,h_68c9c2c47e,,54100fe4a1e011f1a3f452540025c377,,01,1.0,1.00,h_3a45b5b4d7,True,1788583423841,,,h_ec709a8a8a,1788682039287.0,,,,,,,,,,,,1.0,2026-09-05 12:43:43.841,2026-09-05,12,2026-08-31/2026-09-06
202609062027421019949125844,h_13e1e5e743,h_e4c2c67fb9,54100fe4a1e011f1a3f452540025c377,Ev课程表 ,01,99.0,1.00,h_882845bb6e,True,1788697670670,True,2026-09-06T12:27:51.295Z,,,,,,,,,,,,,,1.0,2026-09-06 20:27:50.670,2026-09-06,20,2026-08-31/2026-09-06
202609191853364851101111146,h_295128ef3b,h_b2150e555e,54100fe4a1e011f1a3f452540025c377,Ev课程表 ,01,99.0,1.00,h_4bfe190041,True,1789815255135,True,2026-09-19T10:54:16.072Z,,,,,,,,,,,,,,1.0,2026-09-19 18:54:15.135,2026-09-19,18,2026-09-14/2026-09-20
20260912075831555257517482,h_b0bc8cfab2,h_a064a1a798,54100fe4a1e011f1a3f452540025c377,Ev课程表 ,01,99.0,1.00,h_2bf89b2387,True,1789171122801,True,2026-09-11T23:58:43.257Z,,,,,,,,,,,,,,1.0,2026-09-12 07:58:42.801,2026-09-12,7,2026-09-07/2026-09-13
202609102031175356101140417,h_e8c45dbbc3,h_d02fd87038,54100fe4a1e011f1a3f452540025c377,Ev课程表 ,01,99.0,1.00,h_856f39b9f1,True,1789043491925,True,2026-09-10T12:31:32.796Z,,,,,,,,,,,,,,1.0,2026-09-10 20:31:31.925,2026-09-10,20,2026-09-07/2026-09-13
202609061038254999101440079,h_8039ed7ecd,h_2c06b372b8,54100fe4a1e011f1a3f452540025c377,Ev课程表 ,01,99.0,1.00,h_ef5099214a,True,1788662319230,True,2026-09-06T02:38:39.669Z,,,,,,,,,,,,,,1.0,2026-09-06 10:38:39.230,2026-09-06,10,2026-08-31/2026-09-06
202609062223175398531016816,h_8bb14c6d46,h_09c3a97557,54100fe4a1e011f1a3f452540025c377,Ev课程表 ,01,99.0,1.00,h_3d601405fc,True,1788704617598,True,2026-09-06T14:23:37.985Z,,,,,,,,,,,,,,1.0,2026-09-06 22:23:37.598,2026-09-06,22,2026-08-31/2026-09-06
202609141430371005454531047,h_378f452653,h_84767226e1,54100fe4a1e011f1a3f452540025c377,Ev课程表 ,01,99.0,1.00,h_83d13b4fd1,True,1789367447537,True,2026-09-14T06:30:48.157Z,,,,,,,,,,,,,,1.0,2026-09-14 14:30:47.537,2026-09-14,14,2026-09-14/2026-09-20
202609252226005654495042879,h_a1b7666b92,h_60a12115be,54100fe4a1e011f1a3f452540025c377,Ev课程表 ,01,99.0,1.00,h_cc4dc89668,True,1790346368552,True,2026-09-25T14:26:09.073Z,,,1790346360000.0,,,,,,,,,,,1.0,2026-09-25 22:26:08.552,2026-09-25,22,2026-09-21/2026-09-27
202609251103581019948929597,h_3c9f598c3d,h_ea37bf44ff,54100fe4a1e011f1a3f452540025c377,Ev课程表 ,01,99.0,1.00,h_0cd6a53b52,True,1790305454927,True,2026-09-25T03:04:15.551Z,,,1790305438000.0,,,,,,,,,,,1.0,2026-09-25 11:04:14.927,2026-09-25,11,2026-09-21/2026-09-27
202106232138371083454010626,,,a45353328af911eb973052540025c377,,,,,,False,1788580396059,,,,,,,,1.0,no_product_mapping,,,,,,,,2026-09-05 11:53:16.059,2026-09-05,11,2026-08-31/2026-09-06
202609271516345049535521562,h_7430ea9407,h_e930cf21f9,54100fe4a1e011f1a3f452540025c377,Ev课程表 ,01,99.0,1.00,h_aedd730566,True,1790493400687,True,2026-09-27T07:16:41.730Z,,,1790493394000.0,,,,,,,,,,,1.0,2026-09-27 15:16:40.687,2026-09-27,15,2026-09-21/2026-09-27
202609161858199897515513790,h_50ed776e63,h_b644d90376,54100fe4a1e011f1a3f452540025c377,Ev课程表 ,01,99.0,1.00,h_e770a961ea,True,1789556311854,True,2026-09-16T10:58:33.407Z,,,,,,,,,,,,,,1.0,2026-09-16 18:58:31.854,2026-09-16,18,2026-09-14/2026-09-20
202609071727111024910031208,h_410c956247,h_780875edfa,54100fe4a1e011f1a3f452540025c377,Ev课程表 ,01,99.0,1.00,h_29d25f8bb0,True,1788773244030,True,2026-09-07T09:27:24.618Z,,,,,,,,,,,,,,1.0,2026-09-07 17:27:24.030,2026-09-07,17,2026-09-07/2026-09-13
20260913122346505710056219,h_9530ac988e,h_6841dab5aa,54100fe4a1e011f1a3f452540025c377,Ev课程表 ,01,99.0,1.00,h_60b17a9a0a,True,1789273436997,True,2026-09-13T04:23:57.472Z,,,,,,,,,,,,,,1.0,2026-09-13 12:23:56.997,2026-09-13,12,2026-09-07/2026-09-13
202609121446084854989715021,h_0602652373,h_ed1be70c47,54100fe4a1e011f1a3f452540025c377,Ev课程表 ,01,99.0,1.00,h_60506c0b17,True,1789195582055,True,2026-09-12T06:46:22.443Z,,,,,,,,,,,,,,1.0,2026-09-12 14:46:22.055,2026-09-12,14,2026-09-07/2026-09-13
202609281749065055555618185,h_85a095996f,h_802d7be709,54100fe4a1e011f1a3f452540025c377,Ev课程表 ,01,99.0,1.00,h_726e29006f,True,1790588968650,True,2026-09-28T09:49:29.113Z,,,1790588946000.0,,,,,,,,,,,1.0,2026-09-28 17:49:28.650,2026-09-28,17,2026-09-28/2026-10-04
202609072211571004851923041,h_df974f3e79,h_6d0b9fadb4,54100fe4a1e011f1a3f452540025c377,Ev课程表 ,01,99.0,1.00,h_e5567aecb6,True,1788790323650,True,2026-09-07T14:12:04.305Z,,,,,,,,,,,,,,1.0,2026-09-07 22:12:03.650,2026-09-07,22,2026-09-07/2026-09-13
202609061013395198505119798,h_70254f7d58,h_21628019bc,54100fe4a1e011f1a3f452540025c377,Ev课程表 ,01,99.0,1.00,h_7b36ed9ddc,True,1788660829665,True,2026-09-06T02:13:50.258Z,,,,,,,,,,,,,,1.0,2026-09-06 10:13:49.665,2026-09-06,10,2026-08-31/2026-09-06
202609060937075148995535687,h_0ab6a21a2f,h_567e30b17d,54100fe4a1e011f1a3f452540025c377,Ev课程表 ,01,99.0,1.00,h_37014e7149,True,1788658655072,True,2026-09-06T01:37:36.326Z,,,,,,,,,,,,,,1.0,2026-09-06 09:37:35.072,2026-09-06,9,2026-08-31/2026-09-06
202609111851444848102545523,h_ee85c9273a,h_760595d14b,54100fe4a1e011f1a3f452540025c377,Ev课程表 ,01,99.0,1.00,h_dfb60d5b1a,True,1789123918275,True,2026-09-11T10:51:58.757Z,,,,,,,,,,,,,,1.0,2026-09-11 18:51:58.275,2026-09-11,18,2026-09-07/2026-09-13
20260915142619985099576757,h_68c7d4a8c0,h_fac98c6b51,54100fe4a1e011f1a3f452540025c377,Ev课程表 ,01,99.0,1.00,h_57f9f35f16,True,1789453595516,True,2026-09-15T06:26:36.162Z,,,,,,,,,,,,,,1.0,2026-09-15 14:26:35.516,2026-09-15,14,2026-09-14/2026-09-20
202609181409135798515347614,h_0119da6435,h_f55bf85329,54100fe4a1e011f1a3f452540025c377,Ev课程表 ,01,99.0,1.00,h_634d51f163,True,1789711769267,True,2026-09-18T06:09:30.201Z,,,,,,,,,,,,,,1.0,2026-09-18 14:09:29.267,2026-09-18,14,2026-09-14/2026-09-20
20260906164214545449986132,h_3be8dce496,h_f743e89b94,54100fe4a1e011f1a3f452540025c377,Ev课程表 ,01,99.0,1.00,h_68b88ea349,True,1788684145158,True,2026-09-06T08:42:25.636Z,,,,,,,,,,,,,,1.0,2026-09-06 16:42:25.158,2026-09-06,16,2026-08-31/2026-09-06
202609061927431025255430909,h_e07f3e0c54,h_236e96daaf,54100fe4a1e011f1a3f452540025c377,Ev课程表 ,01,99.0,1.00,h_8082d5d4d5,True,1788694074920,True,2026-09-06T11:27:55.534Z,,,,,,,,,,,,,,1.0,2026-09-06 19:27:54.920,2026-09-06,19,2026-08-31/2026-09-06
202609120659399854994820854,h_4f2c231b1d,h_1bd1c0708b,54100fe4a1e011f1a3f452540025c377,Ev课程表 ,01,99.0,1.00,h_2d524471ab,True,1789167589423,True,2026-09-11T22:59:50.043Z,,,,,,,,,,,,,,1.0,2026-09-12 06:59:49.423,2026-09-12,6,2026-09-07/2026-09-13
202609161856505010010222538,h_111d884a77,h_7ddbcaa3b4,54100fe4a1e011f1a3f452540025c377,Ev课程表 ,01,99.0,1.00,h_a139966673,True,1789556238756,True,2026-09-16T10:57:19.977Z,,,,,,,,,,,,,,1.0,2026-09-16 18:57:18.756,2026-09-16,18,2026-09-14/2026-09-20
202609052203145050535718556,h_6aa90a467a,h_31056ece1a,54100fe4a1e011f1a3f452540025c377,Ev课程表 ,01,1.0,1.00,h_1d754f63ca,True,1788617004228,,,h_2753886f3f,1788682008101.0,,,,,,"{'out_trade_no': '202609052203145050535718556', 'user_id': '6197ce289f9711f09d7852540025c377', 'plan_id': '54100fe4a1e011f1a3f452540025c377', 'month': 1, 'total_amount': '1.00', 'show_amount': '1.00', 'status': 2, 'remark': '', 'redeem_id': '', 'product_type': 1, 'discount': '0.00', 'sku_detail': [{'sku_id': 'c26b2edea3c411f1a7535254001e7c00', 'price': '1.00', 'count': 1, 'name': '默认型号', 'album_id': '', 'pic': '', 'stock': '', 'post_id': ''}], 'create_time': 1788616994, 'remote_id': '1cd05722a1af11f1939c5254001e7c00', 'user_name': '呼叫CA0771', 'plan_title': 'Ev课程表 ', 'user_private_id': '7b620778f9488f44e4192afb996bfba2dca13968', 'address_person': '', 'address_phone': '', 'address_address': ''}",1788617076555.0,h_d5178a1711,,,,1.0,2026-09-05 22:03:24.228,2026-09-05,22,2026-08-31/2026-09-06
20260919160324995348515518,h_b5b0aaaec1,h_d3d6157b71,54100fe4a1e011f1a3f452540025c377,Ev课程表 ,01,99.0,1.00,h_916c84e7bb,True,1789805014706,True,2026-09-19T08:03:35.566Z,,,,,,,,,,,,,,1.0,2026-09-19 16:03:34.706,2026-09-19,16,2026-09-14/2026-09-20
202609111300334954491046186,h_90c211b2f7,h_783a1f1a6d,54100fe4a1e011f1a3f452540025c377,Ev课程表 ,01,99.0,1.00,h_f127d3e52e,True,1789102850669,True,2026-09-11T05:00:51.166Z,,,,,,,,,,,,,,1.0,2026-09-11 13:00:50.669,2026-09-11,13,2026-09-07/2026-09-13
20260912114617575710298393,h_d2f27b09f6,h_195c37f6b4,54100fe4a1e011f1a3f452540025c377,Ev课程表 ,01,99.0,1.00,h_53e7891eb8,True,1789184786147,True,2026-09-12T03:46:26.618Z,,,,,,,,,,,,,,1.0,2026-09-12 11:46:26.147,2026-09-12,11,2026-09-07/2026-09-13
202609261044014910154536298,h_9ccd454a8e,h_08349280f4,54100fe4a1e011f1a3f452540025c377,Ev课程表 ,01,99.0,1.00,h_0750fe1657,True,1790390650538,True,2026-09-26T02:44:11.654Z,,,1790390641000.0,,,,,,,,,,,1.0,2026-09-26 10:44:10.538,2026-09-26,10,2026-09-21/2026-09-27
202609120951549754100524759,h_d7ee05046d,h_997506e967,54100fe4a1e011f1a3f452540025c377,Ev课程表 ,01,99.0,1.00,h_1b44995871,True,1789177925330,True,2026-09-12T01:52:05.966Z,,,,,,,,,,,,,,1.0,2026-09-12 09:52:05.330,2026-09-12,9,2026-09-07/2026-09-13
202609170029534999545242239,h_25abf210e0,h_b69dd8be48,54100fe4a1e011f1a3f452540025c377,Ev课程表 ,01,99.0,1.00,h_229e79ada7,True,1789576204478,True,2026-09-16T16:30:05.885Z,,,,,,,,,,,,,,1.0,2026-09-17 00:30:04.478,2026-09-17,0,2026-09-14/2026-09-20
202609162334371009948918807,h_a9506dbabe,h_d47ed8602a,54100fe4a1e011f1a3f452540025c377,Ev课程表 ,01,99.0,1.00,h_2a05685e35,True,1789572891313,True,2026-09-16T15:34:53.575Z,,,,,,,,,,,,,,1.0,2026-09-16 23:34:51.313,2026-09-16,23,2026-09-14/2026-09-20
202609122139185451545217033,h_f1907251b4,h_510d943fb5,54100fe4a1e011f1a3f452540025c377,Ev课程表 ,01,99.0,1.00,h_56db5b58b4,True,1789220366718,True,2026-09-12T13:39:28.891Z,,,,,,,,,,,,,,1.0,2026-09-12 21:39:26.718,2026-09-12,21,2026-09-07/2026-09-13
202609170042039850102124726,h_d13e1d92db,h_c7cc8f56bc,54100fe4a1e011f1a3f452540025c377,Ev课程表 ,01,99.0,1.00,h_114fa6ac45,True,1789576933640,True,2026-09-16T16:42:14.988Z,,,,,,,,,,,,,,1.0,2026-09-17 00:42:13.640,2026-09-17,0,2026-09-14/2026-09-20
202609232201214956535031731,h_822be7d3d1,h_9eb90d6f17,54100fe4a1e011f1a3f452540025c377,Ev课程表 ,01,99.0,1.00,h_7c05008895,True,1790172092449,True,2026-09-23T14:01:34.567Z,,,,,,,,,,,,,,1.0,2026-09-23 22:01:32.449,2026-09-23,22,2026-09-21/2026-09-27
20260912221543102995592653,h_1bf8fda102,h_c9f153b66f,54100fe4a1e011f1a3f452540025c377,Ev课程表 ,01,99.0,1.00,h_11da96acdc,True,1789222558871,True,2026-09-12T14:15:59.518Z,,,,,,,,,,,,,,1.0,2026-09-12 22:15:58.871,2026-09-12,22,2026-09-07/2026-09-13
202609152258541014810138519,h_7e5a50b4ac,h_40742db47b,54100fe4a1e011f1a3f452540025c377,Ev课程表 ,01,99.0,1.00,h_ab84e059c2,True,1789484351716,True,2026-09-15T14:59:12.434Z,,,,,,,,,,,,,,1.0,2026-09-15 22:59:11.716,2026-09-15,22,2026-09-14/2026-09-20
202609220647025452541020035,h_60ffce719b,h_7c1e2121cb,54100fe4a1e011f1a3f452540025c377,Ev课程表 ,01,99.0,1.00,h_2fb47a4cf6,True,1790030833800,True,2026-09-21T22:47:14.222Z,,,,,,,,,,,,,,1.0,2026-09-22 06:47:13.800,2026-09-22,6,2026-09-21/2026-09-27
202609112306529948539732156,h_5827460257,h_950eaa38de,54100fe4a1e011f1a3f452540025c377,Ev课程表 ,01,99.0,1.00,h_c3f65157cf,True,1789139221902,True,2026-09-11T15:07:02.336Z,,,,,,,,,,,,,,1.0,2026-09-11 23:07:01.902,2026-09-11,23,2026-09-07/2026-09-13
20260912174437535748978008,h_2d3865869e,h_311b8e32cb,54100fe4a1e011f1a3f452540025c377,Ev课程表 ,01,99.0,1.00,h_d3b2a91f76,True,1789206286686,True,2026-09-12T09:44:47.305Z,,,,,,,,,,,,,,1.0,2026-09-12 17:44:46.686,2026-09-12,17,2026-09-07/2026-09-13
202609130817374998985411890,h_2d38b7a858,h_652e91b534,54100fe4a1e011f1a3f452540025c377,Ev课程表 ,01,99.0,1.00,h_1216498b3d,True,1789258690118,True,2026-09-13T00:18:10.752Z,,,,,,,,,,,,,,1.0,2026-09-13 08:18:10.118,2026-09-13,8,2026-09-07/2026-09-13
202609280137095354100533639,h_900d2bf0c1,h_5d934fee82,54100fe4a1e011f1a3f452540025c377,Ev课程表 ,01,99.0,1.00,h_1fd2b0208b,True,1790530657642,True,2026-09-27T17:37:38.236Z,,,1790530629000.0,,,,,,,,,,,1.0,2026-09-28 01:37:37.642,2026-09-28,1,2026-09-28/2026-10-04
202609182354209953564827777,h_1afd2e6703,h_b34a913dae,54100fe4a1e011f1a3f452540025c377,Ev课程表 ,01,99.0,1.00,h_27e843787a,True,1789746869095,True,2026-09-18T15:54:31.221Z,,,,,,,,,,,,,,1.0,2026-09-18 23:54:29.095,2026-09-18,23,2026-09-14/2026-09-20
202609121853054910110214404,h_74d21f84b5,h_4bf4450f81,54100fe4a1e011f1a3f452540025c377,Ev课程表 ,01,99.0,1.00,h_699da69613,True,1789210399040,True,2026-09-12T10:53:20.313Z,,,,,,,,,,,,,,1.0,2026-09-12 18:53:19.040,2026-09-12,18,2026-09-07/2026-09-13
20260919155848565098103321,h_0081a201ff,h_dab08cba2d,54100fe4a1e011f1a3f452540025c377,Ev课程表 ,01,99.0,1.00,h_931eacd240,True,1789804738233,True,2026-09-19T07:58:59.461Z,,,,,,,,,,,,,,1.0,2026-09-19 15:58:58.233,2026-09-19,15,2026-09-14/2026-09-20
202609200227205652491037492,h_1afb13d730,h_b4365643a8,54100fe4a1e011f1a3f452540025c377,Ev课程表 ,01,99.0,1.00,h_b28572d8b7,True,1789842450664,True,2026-09-19T18:27:31.982Z,,,,,,,,,,,,,,1.0,2026-09-20 02:27:30.664,2026-09-20,2,2026-09-14/2026-09-20
202609152258039854545534154,h_201c2dae47,h_3c97ac4255,54100fe4a1e011f1a3f452540025c377,Ev课程表 ,01,99.0,1.00,h_ef6f699fdd,True,1789484292278,True,2026-09-15T14:58:12.702Z,,,,,,,,,,,,,,1.0,2026-09-15 22:58:12.278,2026-09-15,22,2026-09-14/2026-09-20
202609172131571004957937091,h_c41efb5ef2,h_7921f4578e,54100fe4a1e011f1a3f452540025c377,Ev课程表 ,01,99.0,1.00,h_e03311b456,True,1789651984180,True,2026-09-17T13:33:05.528Z,,,,,,,,,,,,,,1.0,2026-09-17 21:33:04.180,2026-09-17,21,2026-09-14/2026-09-20
202609181601491005256416576,h_74d21f84b5,h_4bf4450f81,54100fe4a1e011f1a3f452540025c377,Ev课程表 ,01,99.0,1.00,h_ba3633b00b,True,1789718519343,True,2026-09-18T08:01:59.934Z,,,,,,,,,,,,,,1.0,2026-09-18 16:01:59.343,2026-09-18,16,2026-09-14/2026-09-20
202609202018529948505414848,h_865db927ff,h_8bd33c2017,54100fe4a1e011f1a3f452540025c377,Ev课程表 ,01,99.0,1.00,h_d52fbd21fd,True,1789906760035,True,2026-09-20T12:19:22.083Z,,,,,,,,,,,,,,1.0,2026-09-20 20:19:20.035,2026-09-20,20,2026-09-14/2026-09-20
202609200254005651989713713,h_33f68c8564,h_d5badb3673,54100fe4a1e011f1a3f452540025c377,Ev课程表 ,01,99.0,1.00,h_68cfde3a89,True,1789844057578,True,2026-09-19T18:54:18.197Z,,,,,,,,,,,,,,1.0,2026-09-20 02:54:17.578,2026-09-20,2,2026-09-14/2026-09-20
202609121742595151984842305,h_2d3865869e,h_311b8e32cb,54100fe4a1e011f1a3f452540025c377,Ev课程表 ,01,99.0,1.00,h_2028b09e9d,True,1789206188547,True,2026-09-12T09:43:09.237Z,,,,,,,,,,,,,,1.0,2026-09-12 17:43:08.547,2026-09-12,17,2026-09-07/2026-09-13
202609202031535754494820490,h_605df36784,h_bbb72e6057,54100fe4a1e011f1a3f452540025c377,Ev课程表 ,01,99.0,1.00,h_048ba94882,True,1789907519439,True,2026-09-20T12:32:00.094Z,,,,,,,,,,,,,,1.0,2026-09-20 20:31:59.439,2026-09-20,20,2026-09-14/2026-09-20
202609121829021015710231453,h_11fb8dc351,h_fb04d8a1a9,54100fe4a1e011f1a3f452540025c377,Ev课程表 ,01,99.0,1.00,h_7836af282c,True,1789208954839,True,2026-09-12T10:29:16.459Z,,,,,,,,,,,,,,1.0,2026-09-12 18:29:14.839,2026-09-12,18,2026-09-07/2026-09-13
20260918212305574853538945,h_f83abec669,h_9837609de6,54100fe4a1e011f1a3f452540025c377,Ev课程表 ,01,99.0,1.00,h_d171c7eeef,True,1789737903800,True,2026-09-18T13:25:05.884Z,,,,,,,,,,,,,,1.0,2026-09-18 21:25:03.800,2026-09-18,21,2026-09-14/2026-09-20
202609260242391029754412969,h_7421fc4564,h_a3f2e8da92,54100fe4a1e011f1a3f452540025c377,Ev课程表 ,01,99.0,1.00,h_82dcae82a1,True,1790361771099,True,2026-09-25T18:42:51.554Z,,,1790361759000.0,,,,,,,,,,,1.0,2026-09-26 02:42:51.099,2026-09-26,2,2026-09-21/2026-09-27
20260919083830541005552509,h_f3d4356c25,h_9496af731b,54100fe4a1e011f1a3f452540025c377,Ev课程表 ,01,99.0,1.00,h_ecae9b337a,True,1789778321840,True,2026-09-19T00:38:42.456Z,,,,,,,,,,,,,,1.0,2026-09-19 08:38:41.840,2026-09-19,8,2026-09-14/2026-09-20
202609222125595510056929209,h_1421b9cf86,h_b0a5e35429,54100fe4a1e011f1a3f452540025c377,Ev课程表 ,01,99.0,1.00,h_39cae7e728,True,1790083570497,True,2026-09-22T13:26:13.201Z,,,,,,,,,,,,,,1.0,2026-09-22 21:26:10.497,2026-09-22,21,2026-09-21/2026-09-27
202609212212375348494919942,h_38aa6ffaa2,h_00f9bee641,54100fe4a1e011f1a3f452540025c377,Ev课程表 ,01,99.0,1.00,h_790441b1ef,True,1789999970122,True,2026-09-21T14:12:51.100Z,,,,,,,,,,,,,,1.0,2026-09-21 22:12:50.122,2026-09-21,22,2026-09-21/2026-09-27
20260921130845100559851361,h_60625a6dd7,h_f1cf6cff48,54100fe4a1e011f1a3f452540025c377,Ev课程表 ,01,99.0,1.00,h_6282f17c85,True,1789967334732,True,2026-09-21T05:08:56.905Z,,,,,,,,,,,,,,1.0,2026-09-21 13:08:54.732,2026-09-21,13,2026-09-21/2026-09-27
20260917220833491024846607,h_b824750584,h_bf28b29265,54100fe4a1e011f1a3f452540025c377,Ev课程表 ,01,99.0,1.00,h_cac6e05b26,True,1789654126661,True,2026-09-17T14:08:47.295Z,,,,,,,,,,,,,,1.0,2026-09-17 22:08:46.661,2026-09-17,22,2026-09-14/2026-09-20
202609201804555556575226579,h_6786dc4f0e,h_42fa721d9d,54100fe4a1e011f1a3f452540025c377,Ev课程表 ,01,99.0,1.00,h_99ff46b111,True,1789898777287,True,2026-09-20T10:06:17.929Z,,,,,,,,,,,,,,1.0,2026-09-20 18:06:17.287,2026-09-20,18,2026-09-14/2026-09-20
202609210019045653985418072,h_ca810dfbc3,h_7fe62bcc3a,54100fe4a1e011f1a3f452540025c377,Ev课程表 ,01,99.0,1.00,h_bd9489561d,True,1789921165775,True,2026-09-20T16:19:27.144Z,,,,,,,,,,,,,,1.0,2026-09-21 00:19:25.775,2026-09-21,0,2026-09-21/2026-09-27
202609251620324854539913184,h_38d55c2c91,h_74839d2d44,54100fe4a1e011f1a3f452540025c377,Ev课程表 ,01,99.0,1.00,h_63b8720b83,True,1790324457558,True,2026-09-25T08:20:58.771Z,,,1790324432000.0,,,,,,,,,,,1.0,2026-09-25 16:20:57.558,2026-09-25,16,2026-09-21/2026-09-27
20260924112335555149493679,h_fb1032401a,h_30c407342a,54100fe4a1e011f1a3f452540025c377,Ev课程表 ,01,99.0,1.00,h_c4c78ac2c1,True,1790220226408,True,2026-09-24T03:23:47.040Z,,,1790220215000.0,,,,,,,,,,,1.0,2026-09-24 11:23:46.408,2026-09-24,11,2026-09-21/2026-09-27
202609231246529955102132518,h_60de0daa8f,h_524e43479b,54100fe4a1e011f1a3f452540025c377,Ev课程表 ,01,99.0,1.00,h_9012c321e2,True,1790138842930,True,2026-09-23T04:47:23.546Z,,,,,,,,,,,,,,1.0,2026-09-23 12:47:22.930,2026-09-23,12,2026-09-21/2026-09-27
20260919013532525457559989,h_f706970cec,h_74212516aa,54100fe4a1e011f1a3f452540025c377,Ev课程表 ,01,99.0,1.00,h_baca631286,True,1789752941406,True,2026-09-18T17:35:42.071Z,,,,,,,,,,,,,,1.0,2026-09-19 01:35:41.406,2026-09-19,1,2026-09-14/2026-09-20
202609191153115557102530453,h_5e785071cf,h_4693e001e5,54100fe4a1e011f1a3f452540025c377,Ev课程表 ,01,99.0,1.00,h_1812bb50b6,True,1789790001011,True,2026-09-19T03:53:22.369Z,,,,,,,,,,,,,,1.0,2026-09-19 11:53:21.011,2026-09-19,11,2026-09-14/2026-09-20
20260918191743559757519680,h_5a14e10869,h_76b67a71d0,54100fe4a1e011f1a3f452540025c377,Ev课程表 ,01,99.0,1.00,h_4672a828b8,True,1789730275248,True,2026-09-18T11:17:56.577Z,,,,,,,,,,,,,,1.0,2026-09-18 19:17:55.248,2026-09-18,19,2026-09-14/2026-09-20
202609212134305457485315313,h_e1b3a6d352,h_b29472c1dd,54100fe4a1e011f1a3f452540025c377,Ev课程表 ,01,99.0,1.00,h_dc139e98ec,True,1789997689849,True,2026-09-21T13:34:50.583Z,,,,,,,,,,,,,,1.0,2026-09-21 21:34:49.849,2026-09-21,21,2026-09-21/2026-09-27
202609181932095750524824853,h_f47b0c671f,h_0bb733f27b,54100fe4a1e011f1a3f452540025c377,Ev课程表 ,01,99.0,1.00,h_34169bf384,True,1789731145920,True,2026-09-18T11:32:28.138Z,,,,,,,,,,,,,,1.0,2026-09-18 19:32:25.920,2026-09-18,19,2026-09-14/2026-09-20
202609301629545050101113401,h_4d75add016,h_5d49fea429,54100fe4a1e011f1a3f452540025c377,Ev课程表 ,01,99.0,1.00,h_762bcda957,True,1790757025294,True,2026-09-30T08:30:25.950Z,,,1790756994000.0,,,,,,,,od-n0kwqih,afdian-dm,fallback,1.0,2026-09-30 16:30:25.294,2026-09-30,16,2026-09-28/2026-10-04
202609230025245210157429658,h_954e68dec9,h_46307e800d,54100fe4a1e011f1a3f452540025c377,Ev课程表 ,01,99.0,1.00,h_c789bf96dd,True,1790094340820,True,2026-09-22T16:25:42.285Z,,,,,,,,,,,,,,1.0,2026-09-23 00:25:40.820,2026-09-23,0,2026-09-21/2026-09-27
20260919164833495398982134,h_f3904dd4bf,h_ece4f577aa,54100fe4a1e011f1a3f452540025c377,Ev课程表 ,01,99.0,1.00,h_16cfe988b1,True,1789807740558,True,2026-09-19T08:49:01.541Z,,,,,,,,,,,,,,1.0,2026-09-19 16:49:00.558,2026-09-19,16,2026-09-14/2026-09-20
20260925091941100100512003,h_04a6960b74,h_3dbf88403e,54100fe4a1e011f1a3f452540025c377,Ev课程表 ,01,99.0,1.00,h_8da1010735,True,1790299196591,True,2026-09-25T01:19:57.214Z,,,1790299181000.0,,,,,,,,,,,1.0,2026-09-25 09:19:56.591,2026-09-25,9,2026-09-21/2026-09-27
202609252227389710110243709,h_36a78d41da,h_60a12115be,54100fe4a1e011f1a3f452540025c377,Ev课程表 ,01,99.0,1.00,h_3e10d6f60d,True,1790346466418,True,2026-09-25T14:27:48.276Z,,,1790346458000.0,,,,,,,,,,,1.0,2026-09-25 22:27:46.418,2026-09-25,22,2026-09-21/2026-09-27
202609250140334952102538902,h_b10160e1ee,h_2e79e50d33,54100fe4a1e011f1a3f452540025c377,Ev课程表 ,01,99.0,1.00,h_a0d6fa8129,True,1790271652411,True,2026-09-24T17:40:53.053Z,,,1790271633000.0,,,,,,,,,,,1.0,2026-09-25 01:40:52.411,2026-09-25,1,2026-09-21/2026-09-27
20260927174512565510158734,h_71c52d6c8b,h_34ac3ebbd7,54100fe4a1e011f1a3f452540025c377,Ev课程表 ,01,99.0,1.00,h_251e9899f5,True,1790502327857,True,2026-09-27T09:45:28.515Z,,,1790502312000.0,,,,,,,,,,,1.0,2026-09-27 17:45:27.857,2026-09-27,17,2026-09-21/2026-09-27
202609301624004855989711044,h_f3bb4a878a,h_a78408110c,54100fe4a1e011f1a3f452540025c377,Ev课程表 ,01,99.0,1.00,h_4ad08477e7,True,1790756648162,True,2026-09-30T08:24:08.798Z,,,1790756640000.0,,,,,,,,od-ax8i685g,afdian-dm,fallback,1.0,2026-09-30 16:24:08.162,2026-09-30,16,2026-09-28/2026-10-04
202610011817149754100541007,h_580aee0fb5,h_80b00be488,54100fe4a1e011f1a3f452540025c377,Ev课程表 ,01,99.0,1.00,h_f84c272694,True,1790849842677,True,2026-10-01T10:17:23.994Z,,,1790849834000.0,,,,,,,,od-9mffzpe7,afdian-dm,fallback,1.0,2026-10-01 18:17:22.677,2026-10-01,18,2026-09-28/2026-10-04
202610011945395152101117356,h_40b41e37ba,h_3c3bd99d1f,54100fe4a1e011f1a3f452540025c377,Ev课程表 ,01,99.0,1.00,h_a5c01c7edd,True,1790855147855,True,2026-10-01T11:45:48.485Z,,,1790855139000.0,,,,,,,,od-1xvh2t9o,afdian-dm,fallback,1.0,2026-10-01 19:45:47.855,2026-10-01,19,2026-09-28/2026-10-04
202609251046371004849526500,h_b548fed52b,h_249a0eff14,54100fe4a1e011f1a3f452540025c377,Ev课程表 ,01,99.0,1.00,h_ea3ffb4cac,True,1790304404787,True,2026-09-25T02:46:46.070Z,,,1790304397000.0,,,,,,,,,,,1.0,2026-09-25 10:46:44.787,2026-09-25,10,2026-09-21/2026-09-27
202609282157585457561030790,h_cfba8d97a3,h_a26fc8ec34,54100fe4a1e011f1a3f452540025c377,Ev课程表 ,01,99.0,1.00,h_de8cc7649c,True,1790603887466,True,2026-09-28T13:58:08.726Z,,,1790603878000.0,,,,,,,,,,,1.0,2026-09-28 21:58:07.466,2026-09-28,21,2026-09-28/2026-10-04
202609260130349757102542388,h_6ec9318b82,h_35a84ff5f7,54100fe4a1e011f1a3f452540025c377,Ev课程表 ,01,99.0,1.00,h_503726c8da,True,1790357442691,True,2026-09-25T17:30:43.319Z,,,1790357434000.0,,,,,,,,,,,1.0,2026-09-26 01:30:42.691,2026-09-26,1,2026-09-21/2026-09-27
202610050947035549981029241,h_231964f9dc,h_69d043771d,54100fe4a1e011f1a3f452540025c377,Ev课程表 ,01,99.0,1.00,h_1153da54b9,True,1791164831605,True,2026-10-05T01:47:12.237Z,,,1791164823000.0,,,,,,,,od-70noi649,afdian-dm,fallback,1.0,2026-10-05 09:47:11.605,2026-10-05,9,2026-10-05/2026-10-11
202609272346529948995722068,h_7a916dc0c0,h_9d02b42769,54100fe4a1e011f1a3f452540025c377,Ev课程表 ,01,99.0,1.00,h_038baba759,True,1790524020203,True,2026-09-27T15:47:00.795Z,,,1790524012000.0,,,,,,,,,,,1.0,2026-09-27 23:47:00.203,2026-09-27,23,2026-09-21/2026-09-27
202609271015284810057930060,h_0b37614d15,h_b6f317b983,54100fe4a1e011f1a3f452540025c377,Ev课程表 ,01,99.0,1.00,h_abca0b8301,True,1790475337471,True,2026-09-27T02:15:38.624Z,,,1790475328000.0,,,,,,,,,,,1.0,2026-09-27 10:15:37.471,2026-09-27,10,2026-09-21/2026-09-27
202609142215101011004840662,h_5dd54796e0,h_fd5392167a,54100fe4a1e011f1a3f452540025c377,Ev课程表 ,01,99.0,1.00,h_f607137fd1,True,1789395325218,True,2026-09-14T14:15:28.864Z,,,,,,,,,,,,,,1.0,2026-09-14 22:15:25.218,2026-09-14,22,2026-09-14/2026-09-20
202609271512395598515319129,h_088fc7f669,h_e7d428bba5,54100fe4a1e011f1a3f452540025c377,Ev课程表 ,01,99.0,1.00,h_24330c3600,True,1790493170401,True,2026-09-27T07:12:51.724Z,,,1790493159000.0,,,,,,,,,,,1.0,2026-09-27 15:12:50.401,2026-09-27,15,2026-09-21/2026-09-27
20261003225945491024951237,h_e07378fd41,h_fdebeceaa7,54100fe4a1e011f1a3f452540025c377,Ev课程表 ,01,99.0,1.00,h_10c0b858ee,True,1791039611666,True,2026-10-03T15:00:12.108Z,,,1791039585000.0,,,,,,,,od-69knkt6t,afdian-dm,fallback,1.0,2026-10-03 23:00:11.666,2026-10-03,23,2026-09-28/2026-10-04
202609271126175799525522114,h_e7a2e8713c,h_457258af5a,54100fe4a1e011f1a3f452540025c377,Ev课程表 ,01,99.0,1.00,h_ecbf7a0010,True,1790479595188,True,2026-09-27T03:26:36.593Z,,,1790479577000.0,,,,,,,,,,,1.0,2026-09-27 11:26:35.188,2026-09-27,11,2026-09-21/2026-09-27
202609072214039810197522667,h_df974f3e79,h_6d0b9fadb4,54100fe4a1e011f1a3f452540025c377,Ev课程表 ,01,99.0,1.00,h_a0f3a58ac7,True,1788790449921,True,2026-09-07T14:14:10.594Z,,,,,,,,,,,,,,1.0,2026-09-07 22:14:09.921,2026-09-07,22,2026-09-07/2026-09-13
202609300745095397511015693,h_1b8c7b7d80,h_b2e69dfbe4,54100fe4a1e011f1a3f452540025c377,Ev课程表 ,01,99.0,1.00,h_a6211c812b,True,1790725519475,True,2026-09-29T23:45:20.599Z,,,1790725509000.0,,,,,,,,,,,1.0,2026-09-30 07:45:19.475,2026-09-30,7,2026-09-28/2026-10-04
202609191516085610050514298,h_e7a2e8713c,h_457258af5a,54100fe4a1e011f1a3f452540025c377,Ev课程表 ,01,99.0,1.00,h_5139ce229c,True,1789802202764,True,2026-09-19T07:16:43.409Z,,,,,,,,,,,,,,1.0,2026-09-19 15:16:42.764,2026-09-19,15,2026-09-14/2026-09-20
20260926000418505198503710,h_f79fc298a3,h_3b8f68d986,54100fe4a1e011f1a3f452540025c377,Ev课程表 ,01,99.0,1.00,h_759090b192,True,1790352266951,True,2026-09-25T16:04:27.712Z,,,1790352258000.0,,,,,,,,,,,1.0,2026-09-26 00:04:26.951,2026-09-26,0,2026-09-21/2026-09-27
202609290115055753485112664,h_8d97b8e5e6,h_e07173d6da,54100fe4a1e011f1a3f452540025c377,Ev课程表 ,01,99.0,1.00,h_4c14cd6d05,True,1790615759745,True,2026-09-28T17:16:00.359Z,,,1790615705000.0,,,,,,,,,,,1.0,2026-09-29 01:15:59.745,2026-09-29,1,2026-09-28/2026-10-04
202609302358564851555135975,h_39d842a042,h_5e4fca8253,54100fe4a1e011f1a3f452540025c377,Ev课程表 ,01,99.0,1.00,h_f6f1b7134f,True,1790783946489,True,2026-09-30T15:59:08.812Z,,,1790783936000.0,,,,,,,,od-av75xw4n,afdian-dm,fallback,1.0,2026-09-30 23:59:06.489,2026-09-30,23,2026-09-28/2026-10-04
202610012115195550565610059,h_5137848a26,h_f1ee8da9ba,54100fe4a1e011f1a3f452540025c377,Ev课程表 ,01,99.0,1.00,h_743251e9d6,True,1790860541096,True,2026-10-01T13:15:42.445Z,,,1790860519000.0,,,,,,,,od-70xcjrkb,afdian-dm,fallback,1.0,2026-10-01 21:15:41.096,2026-10-01,21,2026-09-28/2026-10-04
202610041014244899505746342,h_e5fe616001,h_a95674022f,54100fe4a1e011f1a3f452540025c377,Ev课程表 ,01,99.0,1.00,h_5b098f62bb,True,1791080077147,True,2026-10-04T02:14:37.569Z,,,1791080064000.0,,,,,,,,od-bh86hvvq,afdian-dm,fallback,1.0,2026-10-04 10:14:37.147,2026-10-04,10,2026-09-28/2026-10-04
202610050012355154525115745,h_93d9163327,h_ded0e7d83d,54100fe4a1e011f1a3f452540025c377,Ev课程表 ,01,99.0,1.00,h_524f2ff1c9,True,1791130364009,True,2026-10-04T16:12:44.691Z,,,1791130355000.0,,,,,,,,od-1yzk9ie9,afdian-dm,fallback,1.0,2026-10-05 00:12:44.009,2026-10-05,0,2026-10-05/2026-10-11
202610042025501014955535792,h_5631952bde,h_000e8747e1,54100fe4a1e011f1a3f452540025c377,Ev课程表 ,01,99.0,1.00,h_1f50dd2f63,True,1791116759865,True,2026-10-04T12:26:01.494Z,,,1791116750000.0,,,,,,,,od-6vc519s,afdian-dm,fallback,1.0,2026-10-04 20:25:59.865,2026-10-04,20,2026-09-28/2026-10-04
202610042230541015010130066,h_010562cb7c,h_6f0564106a,54100fe4a1e011f1a3f452540025c377,Ev课程表 ,01,99.0,1.00,h_f8c975ffb3,True,1791124266084,True,2026-10-04T14:31:06.698Z,,,1791124254000.0,,,,,,,,od-6w8n6he,afdian-dm,fallback,1.0,2026-10-04 22:31:06.084,2026-10-04,22,2026-09-28/2026-10-04
