date,pv,uv,dl,go,app_pv,web_pv,dow,pv_per_uv
2026-09-09,14,4,0,0,0,14,2,3.5
2026-09-10,42,7,0,0,0,42,3,6.0
2026-09-11,53,10,0,0,0,53,4,5.3
2026-09-12,13,8,0,0,0,13,5,1.62
2026-09-13,3,3,0,0,0,3,6,1.0
2026-09-14,9,5,0,0,0,9,0,1.8
2026-09-15,7,3,0,0,0,7,1,2.33
2026-09-16,23,6,0,0,0,23,2,3.83
2026-09-17,27,8,0,0,0,27,3,3.38
2026-09-18,40,6,0,37,0,40,4,6.67
2026-09-19,28,8,0,2,0,28,5,3.5
2026-09-20,16,5,0,1,0,16,6,3.2
2026-09-21,14,6,0,1,0,14,0,2.33
2026-09-22,17,4,0,1,0,17,1,4.25
2026-09-23,39,5,0,3,0,39,2,7.8
2026-09-24,65,7,0,21,0,65,3,9.29
2026-09-25,53,23,0,19,0,53,4,2.3
2026-09-26,54,16,0,26,0,54,5,3.38
2026-09-27,161,18,0,14,124,37,6,8.94
2026-09-28,860,17,0,5,824,36,0,50.59
2026-09-29,530,13,0,9,464,66,1,40.77
2026-09-30,500,26,3,16,446,54,2,19.23
2026-10-01,425,20,20,16,253,172,3,21.25
2026-10-02,550,27,13,6,450,100,4,20.37
2026-10-03,118,18,7,2,75,43,5,6.56
2026-10-04,539,22,32,10,496,43,6,24.5
2026-10-05,598,22,10,5,534,64,0,27.18
