device_model,os_version,os_brand,visits,uniq_visitors
,,,766,296
JER-AN10,12,harmony,418,1
PCLM10,12,android,286,6
2509FPN0BC,17,android,123,1
MRT-AL10,12,emui,87,6
V2506A,16,android,60,1
V2357A,14,android,56,1
2604FRK1EC,16,android,51,3
V2425A,16,android,41,2
LIO-AN00m,12,harmony,40,2
2407FRK8EC,16,android,32,1
PCNM00,11,android,27,2
25113PN0EC,17,android,24,1
BLN-AL20,8.0.0,emui,17,1
V2339FA,16,android,13,1
22081212C,15,android,3,1
Pixel 7,11,android,2,2
"Standard PC (Q35 + ICH9, 2009)",7.1.2,android,1,1
