country,region,city,visits,uniq_visitors
CN,SN,Xi’an,444,4
CN,SH,Shanghai,403,51
CN,HN,Changsha,208,9
CN,ZJ,Jiaxing,123,11
IE,L,Dublin,89,1
CN,HN,Gantang,87,2
CN,HE,Shijiazhuang,84,14
CN,,,69,50
CN,GD,Guangzhou,68,18
CN,ZJ,Dongyang,56,4
CN,AH,Hefei,49,6
CN,SD,Jinan,48,7
CN,SD,Weifang,37,5
CN,HA,Zhengzhou,29,21
CN,GD,Haicheng,27,2
CN,GD,Shaping,24,3
CN,BJ,Beijing,22,12
US,IA,Council Bluffs,19,8
CN,SD,Dingtao,18,1
CN,GD,Jiuwei,12,2
CN,SC,Chengdu,8,4
CN,GD,Pingshan,7,2
CN,GX,Nanning,6,3
CN,SD,,6,1
US,VA,Boydton,6,6
CN,AH,Tongling,6,3
CN,GD,Shenzhen,6,4
CN,SD,Qingdao,6,4
US,WA,Moses Lake,5,5
CN,SD,Zibo,5,1
CN,ZJ,Hangzhou,3,3
CN,GD,Zhuhai,3,1
CN,GD,Shantou,2,2
CN,ZJ,Ningbo,2,2
SA,01,Riyadh,2,2
CN,ZJ,Shaoxing,2,2
CN,GS,Lanzhou,2,2
CN,SX,Taiyuan,2,2
CN,NM,Hohhot,2,2
CN,SN,Fufeng,2,1
HK,,Hong Kong,2,2
US,CA,Santa Clara,2,2
JP,13,Tokyo,2,2
US,WA,Tukwila,2,1
CN,TJ,Tianjin,2,2
GB,ENG,Maidenhead,1,1
MY,14,Kuala%20Lumpur,1,1
ES,MC,Murcia,1,1
AZ,BA,Baku,1,1
TR,06,Ankara,1,1
IL,Z,Magh%C4%81r,1,1
US,IL,Chicago,1,1
US,GA,Mableton,1,1
US,CA,Irvine,1,1
ES,CN,Santa%20Cruz%20de%20Tenerife,1,1
SA,04,Dammam,1,1
US,FL,Miami,1,1
IT,,,1,1
TR,26,Odunpazari,1,1
SG,,,1,1
US,TX,Dallas,1,1
SA,02,Makkah,1,1
FR,HDF,Abbeville,1,1
US,VA,Leesburg,1,1
CN,FJ,Fuzhou,1,1
TR,26,Eskişehir,1,1
TR,35,İzmir,1,1
TR,34,Istanbul,1,1
CN,SX,Jincheng,1,1
IT,88,Cagliari,1,1
CO,DC,Bogotá,1,1
FR,CVL,Orléans,1,1
ES,MD,Madrid,1,1
IQ,QA,Al Diwaniyah,1,1
ES,CT,Barcelona,1,1
TH,10,Bangkok,1,1
CN,HE,Zhangjiakou,1,1
CN,SD,Linyi,1,1
CN,HE,Chengde,1,1
BR,SP,São Paulo,1,1
CN,YN,Kunming,1,1
AE,DU,Dubai,1,1
FR,IDF,Paris,1,1
